-- :::::::::::: Tablas auxiliares ::::::::::::::::

INSERT INTO DEPARTAMENTOS (IDDEPARTAMENTO, NOMBRE) VALUES (1, 'DURAZNO');
INSERT INTO DEPARTAMENTOS (IDDEPARTAMENTO, NOMBRE) VALUES (2, 'RIO NEGRO');
INSERT INTO DEPARTAMENTOS (IDDEPARTAMENTO, NOMBRE) VALUES (3, 'MALDONADO');
INSERT INTO DEPARTAMENTOS (IDDEPARTAMENTO, NOMBRE) VALUES (4, 'PAYSANDU');
INSERT INTO DEPARTAMENTOS (IDDEPARTAMENTO, NOMBRE) VALUES (5, 'RIVERA');
INSERT INTO DEPARTAMENTOS (IDDEPARTAMENTO, NOMBRE) VALUES (6, 'LAVALLEJA');
INSERT INTO DEPARTAMENTOS (IDDEPARTAMENTO, NOMBRE) VALUES (7, 'CERRO LARGO');
INSERT INTO DEPARTAMENTOS (IDDEPARTAMENTO, NOMBRE) VALUES (8, 'SAN JOSE');

INSERT INTO GENEROS (IDGENERO, NOMBRE) VALUES (1, 'HOMBRE');
INSERT INTO GENEROS (IDGENERO, NOMBRE) VALUES (2, 'MUJER');
INSERT INTO GENEROS (IDGENERO, NOMBRE) VALUES (3, 'OTRO');

INSERT INTO LOCALIDADES (IDLOCALIDAD, IDDEPARTAMENTO, NOMBRE) VALUES (1, 2, 'FRAY BENTOS');
INSERT INTO LOCALIDADES (IDLOCALIDAD, IDDEPARTAMENTO, NOMBRE) VALUES (2, 6, 'MINAS');
INSERT INTO LOCALIDADES (IDLOCALIDAD, IDDEPARTAMENTO, NOMBRE) VALUES (3, 7, 'MELO');
INSERT INTO LOCALIDADES (IDLOCALIDAD, IDDEPARTAMENTO, NOMBRE) VALUES (4, 1, 'DURAZNO');
INSERT INTO LOCALIDADES (IDLOCALIDAD, IDDEPARTAMENTO, NOMBRE) VALUES (5, 4, 'PAYSANDU');
INSERT INTO LOCALIDADES (IDLOCALIDAD, IDDEPARTAMENTO, NOMBRE) VALUES (6, 3, 'MALDONADO');
INSERT INTO LOCALIDADES (IDLOCALIDAD, IDDEPARTAMENTO, NOMBRE) VALUES (7, 5, 'RIVERA');
INSERT INTO LOCALIDADES (IDLOCALIDAD, IDDEPARTAMENTO, NOMBRE) VALUES (8, 8, 'SAN JOSE');

INSERT INTO ROLES (IDROL,DESCRIPCION) VALUES (1,'ENCARGADO');
INSERT INTO ROLES (IDROL,DESCRIPCION) VALUES (2,'TUTOR');

INSERT INTO AREAS (IDAREA, DESCRIPCION) VALUES (1, 'PROGRAMACION');
INSERT INTO AREAS (IDAREA, DESCRIPCION) VALUES (2, 'BASE DE DATOS');
INSERT INTO AREAS (IDAREA, DESCRIPCION) VALUES (3, 'INFRAESTRUCTURA');

INSERT INTO ITRS (IDITR, ACTIVO, NOMBRE, IDDEPARTAMENTO) VALUES (1, 'S', 'CENTRO-SUR',1);
INSERT INTO ITRS (IDITR, ACTIVO, NOMBRE, IDDEPARTAMENTO) VALUES (2, 'S', 'NORTE',5);
INSERT INTO ITRS (IDITR, ACTIVO, NOMBRE, IDDEPARTAMENTO) VALUES (3, 'S', 'SUR-OESTE',2);
INSERT INTO ITRS (IDITR, ACTIVO, NOMBRE, IDDEPARTAMENTO) VALUES (4, 'S', 'ESTE',6);

INSERT INTO TIPOS_EVENTOS (IDTIPOEVENTO, DESCRIPCION) VALUES (1, 'JORNADA');
INSERT INTO TIPOS_EVENTOS (IDTIPOEVENTO, DESCRIPCION) VALUES (2, 'PRUEBA FINAL');
INSERT INTO TIPOS_EVENTOS (IDTIPOEVENTO, DESCRIPCION) VALUES (3, 'EXAMEN');
INSERT INTO TIPOS_EVENTOS (IDTIPOEVENTO, DESCRIPCION) VALUES (4, 'DEFENSA PROYECTO');
INSERT INTO TIPOS_EVENTOS (IDTIPOEVENTO, DESCRIPCION) VALUES (5, 'EXAMEN PROYECTO');

INSERT INTO MODALIDADES (IDMODALIDAD, DESCRIPCION) VALUES (1, 'VIRTUAL');
INSERT INTO MODALIDADES (IDMODALIDAD, DESCRIPCION) VALUES (2, 'PRESENCIAL');
INSERT INTO MODALIDADES (IDMODALIDAD, DESCRIPCION) VALUES (3, 'SEMIPRESENCIAL');

INSERT INTO ESTADOS_EVENTOS (IDESTADOEVENTO, DESCRIPCION) VALUES (1, 'FINALIZADO');
INSERT INTO ESTADOS_EVENTOS (IDESTADOEVENTO, DESCRIPCION) VALUES (2, 'CORRIENTE');
INSERT INTO ESTADOS_EVENTOS (IDESTADOEVENTO, DESCRIPCION) VALUES (3, 'FUTURO');

INSERT INTO ESTADOS (IDESTADO, DESCRIPCION, ACTIVO) VALUES (1, 'INGRESADO', 'S');
INSERT INTO ESTADOS (IDESTADO, DESCRIPCION, ACTIVO) VALUES (2, 'EN PROCESO', 'S');
INSERT INTO ESTADOS (IDESTADO, DESCRIPCION, ACTIVO) VALUES (3, 'FINALIZADO', 'S');

--- Tipos de Constancias
INSERT INTO TIPOS (IDTIPO, DESCRIPCION, ACTIVO) VALUES (1, 'JORNADA PRESENCIAL', 'S');
INSERT INTO TIPOS (IDTIPO, DESCRIPCION, ACTIVO) VALUES (2, 'JORNADA PRESENCIAL CON PRUEBA FINAL', 'S');
INSERT INTO TIPOS (IDTIPO, DESCRIPCION, ACTIVO) VALUES (3, 'ESTUDIANTE ACTIVO', 'S');
INSERT INTO TIPOS (IDTIPO, DESCRIPCION, ACTIVO) VALUES (4, 'DE EXAMEN', 'S');
INSERT INTO TIPOS (IDTIPO, DESCRIPCION, ACTIVO) VALUES (5, 'CREDITOS ASIGNADOS', 'S');

--- Tipos de Reclamo
INSERT INTO TIPOS_RECLAMOS (IDTIPORECLAMO, DESCRIPCION) VALUES (1, 'VME');
INSERT INTO TIPOS_RECLAMOS (IDTIPORECLAMO, DESCRIPCION) VALUES (2, 'UTEC Innova');
INSERT INTO TIPOS_RECLAMOS (IDTIPORECLAMO, DESCRIPCION) VALUES (3, 'Optativa');
INSERT INTO TIPOS_RECLAMOS (IDTIPORECLAMO, DESCRIPCION) VALUES (4, 'APE');
INSERT INTO TIPOS_RECLAMOS (IDTIPORECLAMO, DESCRIPCION) VALUES (5, 'Otros');


--- Plantillas de Constancias
INSERT INTO PLANTILLAS_CONSTANCIA (IDPLANTILLACONSTANCIA, ACTIVO, CAMPOS, MODELO, IDTIPO) VALUES (1, 'S', 'Nombre, Apellido, Materia', NULL, 4);
INSERT INTO PLANTILLAS_CONSTANCIA (IDPLANTILLACONSTANCIA, ACTIVO, CAMPOS, MODELO, IDTIPO) VALUES (2, 'S', 'Semestre, Tutor', NULL, 2);


-- :::::::::::: Datos de Prueba ::::::::::::::::::::::::

-- Usuario Analista
INSERT INTO USUARIOS (IDUSUARIO,ACTIVO,CLAVE,CONFIRMADO,DOCUMENTO,FECHA_NACIMIENTO,MAIL_INSTITUCIONAL,MAIL_PERSONAL,USUARIO,PRIMER_APELLIDO,PRIMER_NOMBRE,SEGUNDO_APELLIDO,SEGUNDO_NOMBRE,TELEFONO,IDDEPARTAMENTO,IDGENERO,IDLOCALIDAD,IDITR,TIPO_USUARIO) VALUES (1,'S','utec.1234','S',12223331,TIMESTAMP '1988-03-11 00:00:00','juan.perez@ocho.edu','jperez@mail.com','juan.perez','Perez','Juan','Perez','Andres','099999888',1,1,4,1,'ANALISTA');

INSERT INTO ANALISTAS (FIRMADIGITAL,IDUSUARIO) VALUES ('12345aa6789',1);

INSERT INTO USUARIOS (IDUSUARIO,ACTIVO,CLAVE,CONFIRMADO,DOCUMENTO,FECHA_NACIMIENTO,MAIL_INSTITUCIONAL,MAIL_PERSONAL,USUARIO,PRIMER_APELLIDO,PRIMER_NOMBRE,SEGUNDO_APELLIDO,SEGUNDO_NOMBRE,TELEFONO,IDDEPARTAMENTO,IDGENERO,IDLOCALIDAD,IDITR,TIPO_USUARIO) VALUES (55,'S','utec.1234','S',51115551,TIMESTAMP '1975-04-24 00:00:00','pablo.marmol@ocho.edu','pabmar@mail.com','pablo.marmol','Marmol','Pablo','Petro','Daniel','099121212',1,1,4,4,'ANALISTA');

INSERT INTO ANALISTAS (FIRMADIGITAL,IDUSUARIO) VALUES ('12345aa6789',55);


-- Usuario Estudiante
INSERT INTO USUARIOS (IDUSUARIO,ACTIVO,CLAVE,CONFIRMADO,DOCUMENTO,FECHA_NACIMIENTO,MAIL_INSTITUCIONAL,MAIL_PERSONAL,USUARIO,PRIMER_APELLIDO,PRIMER_NOMBRE,SEGUNDO_APELLIDO,SEGUNDO_NOMBRE,TELEFONO,IDDEPARTAMENTO,IDGENERO,IDLOCALIDAD,IDITR,TIPO_USUARIO) VALUES (2,'S','utec.1234','S',21112223,TIMESTAMP '1992-02-05 00:00:00','lila.esposito@ocho.edu','lalita@mail.com','lila.esposito','Esposito','Lila','Perez','Andrea','099999111',1,1,4,2,'ESTUDIANTE');

INSERT INTO ESTUDIANTES (GENERACION,SEMESTRE,IDUSUARIO) VALUES ('2020',2,2);

INSERT INTO USUARIOS (IDUSUARIO,ACTIVO,CLAVE,CONFIRMADO,DOCUMENTO,FECHA_NACIMIENTO,MAIL_INSTITUCIONAL,MAIL_PERSONAL,USUARIO,PRIMER_APELLIDO,PRIMER_NOMBRE,SEGUNDO_APELLIDO,SEGUNDO_NOMBRE,TELEFONO,IDDEPARTAMENTO,IDGENERO,IDLOCALIDAD,IDITR,TIPO_USUARIO) VALUES (5,'S','utec.1234','S',55554445,TIMESTAMP '2001-12-11 00:00:00','marcelo.tinelli@ocho.edu','elcabezon@mail.com','marcelo.tinelli','Tinelli','Marcelo','Nuñez','Lorenzo','099555444',1,1,4,3,'ESTUDIANTE');

INSERT INTO ESTUDIANTES (GENERACION,SEMESTRE,IDUSUARIO) VALUES ('2022',1,5);

INSERT INTO USUARIOS (IDUSUARIO,ACTIVO,CLAVE,CONFIRMADO,DOCUMENTO,FECHA_NACIMIENTO,MAIL_INSTITUCIONAL,MAIL_PERSONAL,USUARIO,PRIMER_APELLIDO,PRIMER_NOMBRE,SEGUNDO_APELLIDO,SEGUNDO_NOMBRE,TELEFONO,IDDEPARTAMENTO,IDGENERO,IDLOCALIDAD,IDITR,TIPO_USUARIO) VALUES (6,'S','utec.1234','S',66662226,TIMESTAMP '1962-01-05 00:00:00','moria.casan@ocho.edu','lamoria@mail.com','moria.casan','Casan','Moria','Medina','Maria','099999666',1,2,4,1,'ESTUDIANTE');

INSERT INTO ESTUDIANTES (GENERACION,SEMESTRE,IDUSUARIO) VALUES ('2019',5,6);


-- Usuario Tutor
INSERT INTO USUARIOS (IDUSUARIO,ACTIVO,CLAVE,CONFIRMADO,DOCUMENTO,FECHA_NACIMIENTO,MAIL_INSTITUCIONAL,MAIL_PERSONAL,USUARIO,PRIMER_APELLIDO,PRIMER_NOMBRE,SEGUNDO_APELLIDO,SEGUNDO_NOMBRE,TELEFONO,IDDEPARTAMENTO,IDGENERO,IDLOCALIDAD,IDITR,TIPO_USUARIO) VALUES (3,'S','utec.1234','S',31212123,TIMESTAMP '1963-08-17 00:00:00','oscar.tabarez@ocho.edu','elmaestro@mail.com','oscar.tabarez','Tabarez','Oscar','Suarez','Washington','099999122',1,1,4,1,'TUTOR');

INSERT INTO TUTORES (IDAREA,IDROL,IDUSUARIO) VALUES (3,1,3);

INSERT INTO USUARIOS (IDUSUARIO,ACTIVO,CLAVE,CONFIRMADO,DOCUMENTO,FECHA_NACIMIENTO,MAIL_INSTITUCIONAL,MAIL_PERSONAL,USUARIO,PRIMER_APELLIDO,PRIMER_NOMBRE,SEGUNDO_APELLIDO,SEGUNDO_NOMBRE,TELEFONO,IDDEPARTAMENTO,IDGENERO,IDLOCALIDAD,IDITR,TIPO_USUARIO) VALUES (4,'S','utec.1234','S',32111222,TIMESTAMP '1981-10-05 00:00:00','fabian.coito@ocho.edu','otromaestro@mail.com','fabian.coito','Coito','Fabian','Garcia','Palito','099999133',1,1,4,2,'TUTOR');

INSERT INTO TUTORES (IDAREA,IDROL,IDUSUARIO) VALUES (3,2,4);


--- Eventos 
INSERT INTO EVENTOS (IDEVENTO,FECHAHORAFIN,FECHAHORAINICIO,LOCACION,IDMODALIDAD,TITULO,IDITR,IDTIPOEVENTO,IDESTADOEVENTO,ACTIVO,HABILITADO) VALUES (1,TIMESTAMP'2023-02-05 19:30:00',TIMESTAMP'2023-02-05 15:30:00','Salon A103',2,'EXAMEN FINAL ISA',3,3,2,'S','S');

INSERT INTO EVENTO_TUTOR (IDEVENTO,IDTUTOR) VALUES (1,3);

INSERT INTO EVENTOS (IDEVENTO,FECHAHORAFIN,FECHAHORAINICIO,LOCACION,IDMODALIDAD,TITULO,IDITR,IDTIPOEVENTO,IDESTADOEVENTO,ACTIVO,HABILITADO) VALUES (2,TIMESTAMP'2023-02-05 14:30:00',TIMESTAMP'2023-02-05 10:30:00','Salon A103',2,'EXAMEN FINAL VIRTUALIZACION',3,3,2,'S','S');

INSERT INTO EVENTO_TUTOR (IDEVENTO,IDTUTOR) VALUES (2,4);

	
--- Reclamos
INSERT INTO RECLAMOS (IDRECLAMO, DESCRIPCION, FECHAHORA, TITULO, IDESTADO, IDESTUDIANTE, IDEVENTO, IDTIPORECLAMO) VALUES (2, 'Creditos no asignados', TIMESTAMP '2022-02-05 00:00:00', 'EXAMEN PDT 2020', 1, 5, 1, 5);

INSERT INTO RECLAMOS (IDRECLAMO, DESCRIPCION, FECHAHORA, TITULO, IDESTADO, IDESTUDIANTE, IDEVENTO, IDTIPORECLAMO) VALUES (3, 'Creditos mal asignados', TIMESTAMP '2023-02-05 00:00:00', 'EXAMEN PDT 2020', 1, 2, 2, 5);

INSERT INTO RECLAMOS (IDRECLAMO, DESCRIPCION, FECHAHORA, TITULO, IDESTADO, IDESTUDIANTE, IDEVENTO, IDTIPORECLAMO) VALUES (4, 'Asistencia sin registrar', TIMESTAMP '2022-02-05 00:00:00', 'EXAMEN FINAL VIRTUALIZACION', 2, 6, 2, 5);

INSERT INTO RECLAMOS (IDRECLAMO, DESCRIPCION, FECHAHORA, TITULO, IDESTADO, IDESTUDIANTE, IDEVENTO, IDTIPORECLAMO) VALUES (5, 'Nota mal ingresada', TIMESTAMP '2023-02-05 00:00:00', 'EXAMEN FINAL ISA', 1, 5, 1, 5);

INSERT INTO RECLAMOS (IDRECLAMO, DESCRIPCION, FECHAHORA, TITULO, IDESTADO, IDESTUDIANTE, IDEVENTO, IDTIPORECLAMO, NOMBRE, SEMESTRE, FECHA_REALIZACION, IDTUTOR, CREDITOS) VALUES (6, 'Nota mal ingresada', TIMESTAMP '2023-02-05 00:00:00', 'Charla Ciberseguridad', 2, 5, 2, 1, 'AT Cybersecurity Summit', 2, TIMESTAMP '2023-02-05 00:00:00', 3, 4);
	

--- Registro de Reclamos
INSERT INTO REGISTRO_RECLAMOS (IDREGISTRORECLAMO, DETALLE, FECHAHORA, IDANALISTA, IDRECLAMO) VALUES (2, 'Se realiza la consulta al Tutor responsable del evento', TIMESTAMP '2023-02-06 00:00:00', 1, 6);

INSERT INTO REGISTRO_RECLAMOS (IDREGISTRORECLAMO, DETALLE, FECHAHORA, IDANALISTA, IDRECLAMO) VALUES (3, 'Se realiza la consulta al Tutor responsable del evento', TIMESTAMP '2023-02-06 00:00:00', 55, 4);


--- Convocatoria a Eventos
INSERT INTO CONVOCATORIA_EVENTO(IDCONVOCATORIAEVENTO, AUTOGESTION, IDANALISTA, IDEVENTO)VALUES(1, 'S', 55, 1);
INSERT INTO CONVOCATORIA_EVENTO(IDCONVOCATORIAEVENTO, AUTOGESTION, IDANALISTA, IDEVENTO)VALUES(2, 'N', 55, 2);

--- Convocados
INSERT INTO CONVOCADO_EVENTO (IDCONVOCADOEVENTO, ESTADOASISTENCIA, FECHAHORAREGASIS, NOTA, REGISTRAASISTENCIA, TOKEN, IDCONVOCATORIAEVENTO, IDESTUDIANTE)VALUES(1, 'Asistencia', TIMESTAMP '2023-05-05 00:00:00', 0, 'juan.perez', 'A001A', 1, 2);
INSERT INTO CONVOCADO_EVENTO (IDCONVOCADOEVENTO, ESTADOASISTENCIA, FECHAHORAREGASIS, NOTA, REGISTRAASISTENCIA, TOKEN, IDCONVOCATORIAEVENTO, IDESTUDIANTE)VALUES(2, 'Asistencia', TIMESTAMP '2023-05-05 00:00:00', 0, 'juan.perez', 'B001A', 1, 5);
INSERT INTO CONVOCADO_EVENTO (IDCONVOCADOEVENTO, ESTADOASISTENCIA, FECHAHORAREGASIS, NOTA, REGISTRAASISTENCIA, TOKEN, IDCONVOCATORIAEVENTO, IDESTUDIANTE)VALUES(3, 'Media Asistencia-Vespertina', TIMESTAMP '2023-05-05 00:00:00', 0, 'pablo.marmol', 'C001A', 1, 6);
INSERT INTO CONVOCADO_EVENTO (IDCONVOCADOEVENTO, ESTADOASISTENCIA, FECHAHORAREGASIS, NOTA, REGISTRAASISTENCIA, TOKEN, IDCONVOCATORIAEVENTO, IDESTUDIANTE)VALUES(4, 'Ausencia Justificada', TIMESTAMP '2023-05-05 00:00:00', 0, 'juan.perez', 'D001A', 2, 2);
INSERT INTO CONVOCADO_EVENTO (IDCONVOCADOEVENTO, ESTADOASISTENCIA, FECHAHORAREGASIS, NOTA, REGISTRAASISTENCIA, TOKEN, IDCONVOCATORIAEVENTO, IDESTUDIANTE)VALUES(5, 'Ausencia', TIMESTAMP '2023-05-05 00:00:00', 0, 'pablo.marmol', 'E001C', 2, 5);
INSERT INTO CONVOCADO_EVENTO (IDCONVOCADOEVENTO, ESTADOASISTENCIA, FECHAHORAREGASIS, NOTA, REGISTRAASISTENCIA, TOKEN, IDCONVOCATORIAEVENTO, IDESTUDIANTE)VALUES(6, 'Media Asistencia-Matutina', TIMESTAMP '2023-05-05 00:00:00', 0, 'juan.perez', 'F001A', 2, 6);

--- Constancias
INSERT INTO CONSTANCIAS (IDCONSTANCIA, FECHAHORA, IDESTADO, IDESTUDIANTE, IDEVENTO, IDTIPO) VALUES (1, TIMESTAMP '2023-05-05 00:00:00', 3, 2, 1, 4);
INSERT INTO CONSTANCIAS (IDCONSTANCIA, FECHAHORA, IDESTADO, IDESTUDIANTE, IDEVENTO, IDTIPO) VALUES (2, TIMESTAMP '2023-05-07 00:00:00', 2, 5, 2, 4);

--- Registro de Constancias
INSERT INTO REGISTRO_CONSTANCIAS (IDREGISTROCONSTANCIA, DETALLE, FECHAHORA, IDANALISTA, IDCONSTANCIA) VALUES (1, 'Se realiza consulta via mail al Tutor de la prueba', TIMESTAMP '2023-05-11 00:00:00', 55, 2);

--- Emision de Constancias
INSERT INTO EMISIONES_CONSTANCIA (IDEMISIONCONSTANCIA, ACTIVO, ARCHIVOCONSTANCIA, FECHAEMISION, IDANALISTA, IDCONSTANCIA, IDPLANTILLACONSTANCIA) VALUES (1, 'S', NULL, TIMESTAMP '2023-05-07 00:00:00', 55, 1, 1);


--- Justificaciones
INSERT INTO JUSTIFICACIONES (IDJUSTIFICACION, DETALLE, ARCHIVO_ADJUNTO, FECHAHORA, IDCONVOCADOEVENTO, IDESTADO) VALUES (1, 'No concurri por enfermedad', NULL, TIMESTAMP'2024-05-10 19:30:00', 4, 1);
INSERT INTO JUSTIFICACIONES (IDJUSTIFICACION, DETALLE, ARCHIVO_ADJUNTO, FECHAHORA, IDCONVOCADOEVENTO, IDESTADO) VALUES (2, 'Ausencia por problemas laborales', NULL, TIMESTAMP'2024-06-06 10:30:00', 5, 2);


--- Registro de Justificaciones
INSERT INTO REGISTRO_JUSTIFICACIONES (IDREGISTROJUSTIFICACION, DETALLE, FECHAHORA, IDANALISTA, IDJUSTIFICACION) VALUES(1, 'Se solicito adjuntar constancia laboral', TIMESTAMP '2023-09-05 00:00:00', 55, 2);

--- Agregar Tokens
INSERT INTO TOKENS (IDTOKEN, FECHAHORA, GENERADOPOR, VALIDEZ, VALOR, IDEVENTO) VALUES (1, TIMESTAMP '2023-02-05 15:30:00', 'juan.perez', 180, 'ABC123', 1);
INSERT INTO TOKENS (IDTOKEN, FECHAHORA, GENERADOPOR, VALIDEZ, VALOR, IDEVENTO) VALUES (2, TIMESTAMP '2023-02-05 10:30:00', 'fabian.coito', 180, 'ABC321', 2)

